datetime,RCORR_E
2012-03-07 00:01:00,106.671
2012-03-07 00:02:00,105.831
2012-03-07 00:03:00,104.095
2012-03-07 00:04:00,105.205
2012-03-07 00:05:00,106.62700000000001
2012-03-07 00:06:00,107.90899999999999
2012-03-07 00:07:00,104.329
2012-03-07 00:08:00,105.882
2012-03-07 00:09:00,103.353
2012-03-07 00:10:00,103.16
2012-03-07 00:11:00,104.18799999999999
2012-03-07 00:12:00,106.13600000000001
2012-03-07 00:13:00,106.99799999999999
2012-03-07 00:14:00,106.167
2012-03-07 00:15:00,104.55799999999999
2012-03-07 00:16:00,101.585
2012-03-07 00:17:00,108.116
2012-03-07 00:18:00,106.15799999999999
2012-03-07 00:19:00,104.617
2012-03-07 00:20:00,103.823
2012-03-07 00:21:00,105.28
2012-03-07 00:22:00,103.62
2012-03-07 00:23:00,104.76899999999999
2012-03-07 00:24:00,104.59100000000001
2012-03-07 00:25:00,101.822
2012-03-07 00:26:00,104.85600000000001
2012-03-07 00:27:00,101.85
2012-03-07 00:28:00,99.90299999999999
2012-03-07 00:29:00,102.92399999999999
2012-03-07 00:30:00,108.74
2012-03-07 00:31:00,102.839
2012-03-07 00:32:00,107.70100000000001
2012-03-07 00:33:00,104.93299999999999
2012-03-07 00:34:00,104.98899999999999
2012-03-07 00:35:00,105.934
2012-03-07 00:36:00,104.006
2012-03-07 00:37:00,106.51299999999999
2012-03-07 00:38:00,106.574
2012-03-07 00:39:00,106.9
2012-03-07 00:40:00,104.583
2012-03-07 00:41:00,100.301
2012-03-07 00:42:00,106.29799999999999
2012-03-07 00:43:00,104.064
2012-03-07 00:44:00,102.545
2012-03-07 00:45:00,102.866
2012-03-07 00:46:00,108.307
2012-03-07 00:47:00,105.84
2012-03-07 00:48:00,104.68799999999999
2012-03-07 00:49:00,104.98
2012-03-07 00:50:00,102.839
2012-03-07 00:51:00,100.287
2012-03-07 00:52:00,102.88
2012-03-07 00:53:00,104.575
2012-03-07 00:54:00,107.726
2012-03-07 00:55:00,104.185
2012-03-07 00:56:00,105.654
2012-03-07 00:57:00,102.28200000000001
2012-03-07 00:58:00,103.485
2012-03-07 00:59:00,102.36200000000001
2012-03-07 01:00:00,100.26299999999999
2012-03-07 01:01:00,102.601
2012-03-07 01:02:00,101.42399999999999
2012-03-07 01:03:00,105.98899999999999
2012-03-07 01:04:00,107.417
2012-03-07 01:05:00,103.493
2012-03-07 01:06:00,105.07600000000001
2012-03-07 01:07:00,101.12799999999999
2012-03-07 01:08:00,107.40100000000001
2012-03-07 01:09:00,104.531
2012-03-07 01:10:00,102.809
2012-03-07 01:11:00,103.75200000000001
2012-03-07 01:12:00,108.28200000000001
2012-03-07 01:13:00,99.836
2012-03-07 01:14:00,104.17399999999999
2012-03-07 01:15:00,104.167
2012-03-07 01:16:00,106.931
2012-03-07 01:17:00,103.86200000000001
2012-03-07 01:18:00,107.137
2012-03-07 01:19:00,105.01899999999999
2012-03-07 01:20:00,106.314
2012-03-07 01:21:00,104.71700000000001
2012-03-07 01:22:00,105.639
2012-03-07 01:23:00,106.445
2012-03-07 01:24:00,106.62200000000001
2012-03-07 01:25:00,107.023
2012-03-07 01:26:00,104.988
2012-03-07 01:27:00,104.374
2012-03-07 01:28:00,101.786
2012-03-07 01:29:00,103.99799999999999
2012-03-07 01:30:00,107.545
2012-03-07 01:31:00,106.611
2012-03-07 01:32:00,102.802
2012-03-07 01:33:00,104.023
2012-03-07 01:34:00,106.493
2012-03-07 01:35:00,104.085
2012-03-07 01:36:00,103.463
2012-03-07 01:37:00,104.875
2012-03-07 01:38:00,103.70100000000001
2012-03-07 01:39:00,101.09299999999999
2012-03-07 01:40:00,102.355
2012-03-07 01:41:00,100.71
2012-03-07 01:42:00,104.95100000000001
2012-03-07 01:43:00,104.62100000000001
2012-03-07 01:44:00,103.133
2012-03-07 01:45:00,106.94200000000001
2012-03-07 01:46:00,106.885
2012-03-07 01:47:00,105.725
2012-03-07 01:48:00,108.199
2012-03-07 01:49:00,105.34899999999999
2012-03-07 01:50:00,107.12
2012-03-07 01:51:00,105.055
2012-03-07 01:52:00,107.77799999999999
2012-03-07 01:53:00,104.97
2012-03-07 01:54:00,104.35
2012-03-07 01:55:00,103.75399999999999
2012-03-07 01:56:00,103.427
2012-03-07 01:57:00,103.649
2012-03-07 01:58:00,106.07700000000001
2012-03-07 01:59:00,102.713
2012-03-07 02:00:00,101.185
2012-03-07 02:01:00,103.95299999999999
2012-03-07 02:02:00,105.53399999999999
2012-03-07 02:03:00,103.573
2012-03-07 02:04:00,104.13600000000001
2012-03-07 02:05:00,102.51700000000001
2012-03-07 02:06:00,106.37200000000001
2012-03-07 02:07:00,106.09899999999999
2012-03-07 02:08:00,105.243
2012-03-07 02:09:00,102.851
2012-03-07 02:10:00,107.061
2012-03-07 02:11:00,102.866
2012-03-07 02:12:00,106.755
2012-03-07 02:13:00,103.537
2012-03-07 02:14:00,102.589
2012-03-07 02:15:00,105.32600000000001
2012-03-07 02:16:00,104.243
2012-03-07 02:17:00,103.06
2012-03-07 02:18:00,106.85600000000001
2012-03-07 02:19:00,107.61
2012-03-07 02:20:00,102.169
2012-03-07 02:21:00,102.141
2012-03-07 02:22:00,103.804
2012-03-07 02:23:00,105.15700000000001
2012-03-07 02:24:00,101.835
2012-03-07 02:25:00,102.215
2012-03-07 02:26:00,103.728
2012-03-07 02:27:00,103.109
2012-03-07 02:28:00,103.965
2012-03-07 02:29:00,105.775
2012-03-07 02:30:00,102.915
2012-03-07 02:31:00,101.464
2012-03-07 02:32:00,104.46600000000001
2012-03-07 02:33:00,103.921
2012-03-07 02:34:00,110.757
2012-03-07 02:35:00,103.42399999999999
2012-03-07 02:36:00,103.25399999999999
2012-03-07 02:37:00,104.896
2012-03-07 02:38:00,107.054
2012-03-07 02:39:00,104.333
2012-03-07 02:40:00,103.86
2012-03-07 02:41:00,104.695
2012-03-07 02:42:00,103.6
2012-03-07 02:43:00,106.48899999999999
2012-03-07 02:44:00,101.485
2012-03-07 02:45:00,102.59
2012-03-07 02:46:00,106.258
2012-03-07 02:47:00,102.23899999999999
2012-03-07 02:48:00,101.845
2012-03-07 02:49:00,101.029
2012-03-07 02:50:00,108.63600000000001
2012-03-07 02:51:00,104.337
2012-03-07 02:52:00,105.146
2012-03-07 02:53:00,102.75299999999999
2012-03-07 02:54:00,102.654
2012-03-07 02:55:00,108.115
2012-03-07 02:56:00,107.773
2012-03-07 02:57:00,109.20200000000001
2012-03-07 02:58:00,104.81200000000001
2012-03-07 02:59:00,107.025
2012-03-07 03:00:00,109.755
2012-03-07 03:01:00,106.074
2012-03-07 03:02:00,107.34700000000001
2012-03-07 03:03:00,102.331
2012-03-07 03:04:00,104.62899999999999
2012-03-07 03:05:00,102.43299999999999
2012-03-07 03:06:00,106.899
2012-03-07 03:07:00,105.729
2012-03-07 03:08:00,105.124
2012-03-07 03:09:00,106.463
2012-03-07 03:10:00,105.95100000000001
2012-03-07 03:11:00,107.646
2012-03-07 03:12:00,102.321
2012-03-07 03:13:00,106.516
2012-03-07 03:14:00,103.15
2012-03-07 03:15:00,105.479
2012-03-07 03:16:00,101.193
2012-03-07 03:17:00,106.084
2012-03-07 03:18:00,107.405
2012-03-07 03:19:00,104.811
2012-03-07 03:20:00,108.45
2012-03-07 03:21:00,106.15799999999999
2012-03-07 03:22:00,103.155
2012-03-07 03:23:00,103.874
2012-03-07 03:24:00,106.272
2012-03-07 03:25:00,109.41
2012-03-07 03:26:00,102.499
2012-03-07 03:27:00,106.15
2012-03-07 03:28:00,104.65100000000001
2012-03-07 03:29:00,101.946
2012-03-07 03:30:00,105.45700000000001
2012-03-07 03:31:00,107.53299999999999
2012-03-07 03:32:00,106.01799999999999
2012-03-07 03:33:00,104.704
2012-03-07 03:34:00,108.475
2012-03-07 03:35:00,107.32
2012-03-07 03:36:00,105.37299999999999
2012-03-07 03:37:00,104.476
2012-03-07 03:38:00,103.223
2012-03-07 03:39:00,104.057
2012-03-07 03:40:00,105.801
2012-03-07 03:41:00,102.771
2012-03-07 03:42:00,103.67
2012-03-07 03:43:00,101.67
2012-03-07 03:44:00,106.17
2012-03-07 03:45:00,108.545
2012-03-07 03:46:00,106.20200000000001
2012-03-07 03:47:00,105.37799999999999
2012-03-07 03:48:00,100.335
2012-03-07 03:49:00,107.522
2012-03-07 03:50:00,102.061
2012-03-07 03:51:00,103.60799999999999
2012-03-07 03:52:00,104.441
2012-03-07 03:53:00,105.131
2012-03-07 03:54:00,104.758
2012-03-07 03:55:00,105.40700000000001
2012-03-07 03:56:00,103.037
2012-03-07 03:57:00,107.604
2012-03-07 03:58:00,105.615
2012-03-07 03:59:00,106.691
2012-03-07 04:00:00,105.68799999999999
2012-03-07 04:01:00,105.209
2012-03-07 04:02:00,107.855
2012-03-07 04:03:00,110.01899999999999
2012-03-07 04:04:00,104.301
2012-03-07 04:05:00,102.766
2012-03-07 04:06:00,106.213
2012-03-07 04:07:00,106.147
2012-03-07 04:08:00,105.125
2012-03-07 04:09:00,101.845
2012-03-07 04:10:00,101.635
2012-03-07 04:11:00,101.00399999999999
2012-03-07 04:12:00,105.094
2012-03-07 04:13:00,103.40799999999999
2012-03-07 04:14:00,109.94200000000001
2012-03-07 04:15:00,104.363
2012-03-07 04:16:00,104.12200000000001
2012-03-07 04:17:00,106.64399999999999
2012-03-07 04:18:00,104.632
2012-03-07 04:19:00,104.78200000000001
2012-03-07 04:20:00,107.211
2012-03-07 04:21:00,108.21799999999999
2012-03-07 04:22:00,105.552
2012-03-07 04:23:00,106.226
2012-03-07 04:24:00,105.32600000000001
2012-03-07 04:25:00,103.991
2012-03-07 04:26:00,109.471
2012-03-07 04:27:00,106.882
2012-03-07 04:28:00,108.148
2012-03-07 04:29:00,103.819
2012-03-07 04:30:00,105.105
2012-03-07 04:31:00,107.227
2012-03-07 04:32:00,105.206
2012-03-07 04:33:00,107.515
2012-03-07 04:34:00,106.40700000000001
2012-03-07 04:35:00,104.585
2012-03-07 04:36:00,104.212
2012-03-07 04:37:00,100.86399999999999
2012-03-07 04:38:00,103.994
2012-03-07 04:39:00,105.54799999999999
2012-03-07 04:40:00,110.26700000000001
2012-03-07 04:41:00,108.99600000000001
2012-03-07 04:42:00,106.914
2012-03-07 04:43:00,107.11200000000001
2012-03-07 04:44:00,102.101
2012-03-07 04:45:00,105.91799999999999
2012-03-07 04:46:00,104.834
2012-03-07 04:47:00,106.146
2012-03-07 04:48:00,103.804
2012-03-07 04:49:00,109.29299999999999
2012-03-07 04:50:00,105.698
2012-03-07 04:51:00,105.251
2012-03-07 04:52:00,110.323
2012-03-07 04:53:00,105.868
2012-03-07 04:54:00,103.258
2012-03-07 04:55:00,105.648
2012-03-07 04:56:00,106.33
2012-03-07 04:57:00,108.02600000000001
2012-03-07 04:58:00,102.69
2012-03-07 04:59:00,105.819
2012-03-07 05:00:00,104.095
2012-03-07 05:01:00,105.941
2012-03-07 05:02:00,105.665
2012-03-07 05:03:00,105.82700000000001
2012-03-07 05:04:00,105.61200000000001
2012-03-07 05:05:00,105.45
2012-03-07 05:06:00,105.766
2012-03-07 05:07:00,106.984
2012-03-07 05:08:00,104.988
2012-03-07 05:09:00,103.56700000000001
2012-03-07 05:10:00,103.94
2012-03-07 05:11:00,107.93299999999999
2012-03-07 05:12:00,107.819
2012-03-07 05:13:00,103.48100000000001
2012-03-07 05:14:00,107.544
2012-03-07 05:15:00,103.78299999999999
2012-03-07 05:16:00,109.96600000000001
2012-03-07 05:17:00,101.501
2012-03-07 05:18:00,104.67
2012-03-07 05:19:00,103.62
2012-03-07 05:20:00,108.389
2012-03-07 05:21:00,104.81299999999999
2012-03-07 05:22:00,104.421
2012-03-07 05:23:00,101.95299999999999
2012-03-07 05:24:00,104.62799999999999
2012-03-07 05:25:00,104.54700000000001
2012-03-07 05:26:00,101.008
2012-03-07 05:27:00,101.00299999999999
2012-03-07 05:28:00,102.867
2012-03-07 05:29:00,103.25299999999999
2012-03-07 05:30:00,104.319
2012-03-07 05:31:00,104.745
2012-03-07 05:32:00,104.818
2012-03-07 05:33:00,106.991
2012-03-07 05:34:00,104.382
2012-03-07 05:35:00,107.275
2012-03-07 05:36:00,104.303
2012-03-07 05:37:00,103.51799999999999
2012-03-07 05:38:00,102.87
2012-03-07 05:39:00,105.304
2012-03-07 05:40:00,106.43
2012-03-07 05:41:00,104.96
2012-03-07 05:42:00,106.527
2012-03-07 05:43:00,104.624
2012-03-07 05:44:00,107.641
2012-03-07 05:45:00,105.029
2012-03-07 05:46:00,105.79
2012-03-07 05:47:00,103.34
2012-03-07 05:48:00,103.75299999999999
2012-03-07 05:49:00,107.661
2012-03-07 05:50:00,105.23100000000001
2012-03-07 05:51:00,102.024
2012-03-07 05:52:00,105.823
2012-03-07 05:53:00,108.459
2012-03-07 05:54:00,108.079
2012-03-07 05:55:00,106.221
2012-03-07 05:56:00,104.865
2012-03-07 05:57:00,106.25399999999999
2012-03-07 05:58:00,108.42299999999999
2012-03-07 05:59:00,103.426
2012-03-07 06:00:00,105.304
2012-03-07 06:01:00,103.57700000000001
2012-03-07 06:02:00,106.3
2012-03-07 06:03:00,104.242
2012-03-07 06:04:00,106.51899999999999
2012-03-07 06:05:00,108.02
2012-03-07 06:06:00,107.041
2012-03-07 06:07:00,106.245
2012-03-07 06:08:00,102.397
2012-03-07 06:09:00,106.229
2012-03-07 06:10:00,104.928
2012-03-07 06:11:00,109.96
2012-03-07 06:12:00,107.883
2012-03-07 06:13:00,104.064
2012-03-07 06:14:00,105.309
2012-03-07 06:15:00,100.80799999999999
2012-03-07 06:16:00,109.60799999999999
2012-03-07 06:17:00,104.03299999999999
2012-03-07 06:18:00,105.609
2012-03-07 06:19:00,104.09299999999999
2012-03-07 06:20:00,104.586
2012-03-07 06:21:00,106.352
2012-03-07 06:22:00,101.604
2012-03-07 06:23:00,103.927
2012-03-07 06:24:00,101.273
2012-03-07 06:25:00,109.697
2012-03-07 06:26:00,104.15100000000001
2012-03-07 06:27:00,103.20700000000001
2012-03-07 06:28:00,106.616
2012-03-07 06:29:00,104.95299999999999
2012-03-07 06:30:00,109.29700000000001
2012-03-07 06:31:00,105.434
2012-03-07 06:32:00,106.92
2012-03-07 06:33:00,105.51899999999999
2012-03-07 06:34:00,107.26700000000001
2012-03-07 06:35:00,107.973
2012-03-07 06:36:00,106.319
2012-03-07 06:37:00,103.773
2012-03-07 06:38:00,103.33
2012-03-07 06:39:00,104.573
2012-03-07 06:40:00,106.493
2012-03-07 06:41:00,104.376
2012-03-07 06:42:00,107.43299999999999
2012-03-07 06:43:00,104.89200000000001
2012-03-07 06:44:00,109.84899999999999
2012-03-07 06:45:00,107.152
2012-03-07 06:46:00,103.29299999999999
2012-03-07 06:47:00,104.447
2012-03-07 06:48:00,104.319
2012-03-07 06:49:00,107.193
2012-03-07 06:50:00,103.03399999999999
2012-03-07 06:51:00,105.84700000000001
2012-03-07 06:52:00,105.557
2012-03-07 06:53:00,111.01700000000001
2012-03-07 06:54:00,103.98200000000001
2012-03-07 06:55:00,107.854
2012-03-07 06:56:00,102.288
2012-03-07 06:57:00,103.182
2012-03-07 06:58:00,103.854
2012-03-07 06:59:00,105.007
2012-03-07 07:00:00,110.71
2012-03-07 07:01:00,106.43299999999999
2012-03-07 07:02:00,106.949
2012-03-07 07:03:00,103.579
2012-03-07 07:04:00,105.62
2012-03-07 07:05:00,107.20200000000001
2012-03-07 07:06:00,108.994
2012-03-07 07:07:00,105.53200000000001
2012-03-07 07:08:00,110.633
2012-03-07 07:09:00,107.976
2012-03-07 07:10:00,103.82799999999999
2012-03-07 07:11:00,101.178
2012-03-07 07:12:00,106.99700000000001
2012-03-07 07:13:00,100.25200000000001
2012-03-07 07:14:00,107.887
2012-03-07 07:15:00,104.369
2012-03-07 07:16:00,108.193
2012-03-07 07:17:00,105.581
2012-03-07 07:18:00,103.05
2012-03-07 07:19:00,106.165
2012-03-07 07:20:00,103.741
2012-03-07 07:21:00,102.961
2012-03-07 07:22:00,101.868
2012-03-07 07:23:00,106.054
2012-03-07 07:24:00,104.667
2012-03-07 07:25:00,104.03200000000001
2012-03-07 07:26:00,108.777
2012-03-07 07:27:00,104.338
2012-03-07 07:28:00,104.491
2012-03-07 07:29:00,105.071
2012-03-07 07:30:00,103.262
2012-03-07 07:31:00,101.051
2012-03-07 07:32:00,107.961
2012-03-07 07:33:00,108.21799999999999
2012-03-07 07:34:00,104.735
2012-03-07 07:35:00,104.459
2012-03-07 07:36:00,104.60700000000001
2012-03-07 07:37:00,105.822
2012-03-07 07:38:00,105.565
2012-03-07 07:39:00,104.78200000000001
2012-03-07 07:40:00,103.97
2012-03-07 07:41:00,107.454
2012-03-07 07:42:00,105.60600000000001
2012-03-07 07:43:00,106.76299999999999
2012-03-07 07:44:00,109.87
2012-03-07 07:45:00,101.634
2012-03-07 07:46:00,102.54
2012-03-07 07:47:00,108.57600000000001
2012-03-07 07:48:00,103.50299999999999
2012-03-07 07:49:00,108.066
2012-03-07 07:50:00,106.73100000000001
2012-03-07 07:51:00,106.84299999999999
2012-03-07 07:52:00,104.915
2012-03-07 07:53:00,105.589
2012-03-07 07:54:00,108.287
2012-03-07 07:55:00,105.34899999999999
2012-03-07 07:56:00,108.455
2012-03-07 07:57:00,103.738
2012-03-07 07:58:00,107.09299999999999
2012-03-07 07:59:00,105.397
2012-03-07 08:00:00,103.818
2012-03-07 08:01:00,102.46799999999999
2012-03-07 08:02:00,105.859
2012-03-07 08:03:00,108.499
2012-03-07 08:04:00,106.196
2012-03-07 08:05:00,104.934
2012-03-07 08:06:00,104.78200000000001
2012-03-07 08:07:00,107.338
2012-03-07 08:08:00,105.70700000000001
2012-03-07 08:09:00,103.788
2012-03-07 08:10:00,106.93299999999999
2012-03-07 08:11:00,105.70299999999999
2012-03-07 08:12:00,105.21
2012-03-07 08:13:00,102.678
2012-03-07 08:14:00,104.238
2012-03-07 08:15:00,101.955
2012-03-07 08:16:00,102.911
2012-03-07 08:17:00,99.471
2012-03-07 08:18:00,104.56299999999999
2012-03-07 08:19:00,102.194
2012-03-07 08:20:00,105.87799999999999
2012-03-07 08:21:00,104.21
2012-03-07 08:22:00,105.167
2012-03-07 08:23:00,107.639
2012-03-07 08:24:00,104.402
2012-03-07 08:25:00,103.834
2012-03-07 08:26:00,103.39
2012-03-07 08:27:00,99.181
2012-03-07 08:28:00,106.419
2012-03-07 08:29:00,106.635
2012-03-07 08:30:00,103.708
2012-03-07 08:31:00,104.137
2012-03-07 08:32:00,104.07
2012-03-07 08:33:00,106.68
2012-03-07 08:34:00,103.322
2012-03-07 08:35:00,103.285
2012-03-07 08:36:00,107.135
2012-03-07 08:37:00,104.86
2012-03-07 08:38:00,105.568
2012-03-07 08:39:00,100.24
2012-03-07 08:40:00,108.23100000000001
2012-03-07 08:41:00,103.28200000000001
2012-03-07 08:42:00,103.819
2012-03-07 08:43:00,104.575
2012-03-07 08:44:00,106.294
2012-03-07 08:45:00,104.48100000000001
2012-03-07 08:46:00,108.234
2012-03-07 08:47:00,105.759
2012-03-07 08:48:00,106.81299999999999
2012-03-07 08:49:00,108.21799999999999
2012-03-07 08:50:00,104.35700000000001
2012-03-07 08:51:00,104.744
2012-03-07 08:52:00,103.751
2012-03-07 08:53:00,104.616
2012-03-07 08:54:00,104.257
2012-03-07 08:55:00,106.116
2012-03-07 08:56:00,105.63799999999999
2012-03-07 08:57:00,105.443
2012-03-07 08:58:00,103.557
2012-03-07 08:59:00,104.713
2012-03-07 09:00:00,104.992
2012-03-07 09:01:00,107.396
2012-03-07 09:02:00,102.824
2012-03-07 09:03:00,104.271
2012-03-07 09:04:00,107.719
2012-03-07 09:05:00,103.555
2012-03-07 09:06:00,109.277
2012-03-07 09:07:00,101.931
2012-03-07 09:08:00,108.89399999999999
2012-03-07 09:09:00,103.945
2012-03-07 09:10:00,103.36
2012-03-07 09:11:00,105.961
2012-03-07 09:12:00,103.789
2012-03-07 09:13:00,102.929
2012-03-07 09:14:00,106.82
2012-03-07 09:15:00,108.42
2012-03-07 09:16:00,103.439
2012-03-07 09:17:00,103.749
2012-03-07 09:18:00,103.52
2012-03-07 09:19:00,105.234
2012-03-07 09:20:00,105.946
2012-03-07 09:21:00,99.727
2012-03-07 09:22:00,106.399
2012-03-07 09:23:00,105.676
2012-03-07 09:24:00,103.779
2012-03-07 09:25:00,105.096
2012-03-07 09:26:00,106.522
2012-03-07 09:27:00,104.281
2012-03-07 09:28:00,105.45299999999999
2012-03-07 09:29:00,105.18299999999999
2012-03-07 09:30:00,105.18299999999999
2012-03-07 09:31:00,103.756
2012-03-07 09:32:00,105.704
2012-03-07 09:33:00,104.345
2012-03-07 09:34:00,104.59100000000001
2012-03-07 09:35:00,107.39299999999999
2012-03-07 09:36:00,105.052
2012-03-07 09:37:00,103.876
2012-03-07 09:38:00,102.977
2012-03-07 09:39:00,105.79899999999999
2012-03-07 09:40:00,105.28299999999999
2012-03-07 09:41:00,103.435
2012-03-07 09:42:00,109.861
2012-03-07 09:43:00,109.42399999999999
2012-03-07 09:44:00,106.51100000000001
2012-03-07 09:45:00,111.061
2012-03-07 09:46:00,100.95700000000001
2012-03-07 09:47:00,107.743
2012-03-07 09:48:00,106.829
2012-03-07 09:49:00,106.95200000000001
2012-03-07 09:50:00,102.882
2012-03-07 09:51:00,106.33200000000001
2012-03-07 09:52:00,105.50200000000001
2012-03-07 09:53:00,107.95700000000001
2012-03-07 09:54:00,104.90700000000001
2012-03-07 09:55:00,108.07600000000001
2012-03-07 09:56:00,109.58
2012-03-07 09:57:00,108.775
2012-03-07 09:58:00,103.179
2012-03-07 09:59:00,109.131
2012-03-07 10:00:00,108.571
2012-03-07 10:01:00,109.72200000000001
2012-03-07 10:02:00,109.96700000000001
2012-03-07 10:03:00,103.00299999999999
2012-03-07 10:04:00,107.337
2012-03-07 10:05:00,107.76100000000001
2012-03-07 10:06:00,111.01899999999999
2012-03-07 10:07:00,106.085
2012-03-07 10:08:00,109.1
2012-03-07 10:09:00,106.117
2012-03-07 10:10:00,104.992
2012-03-07 10:11:00,104.62100000000001
2012-03-07 10:12:00,105.848
2012-03-07 10:13:00,104.059
2012-03-07 10:14:00,106.917
2012-03-07 10:15:00,108.512
2012-03-07 10:16:00,107.61
2012-03-07 10:17:00,106.921
2012-03-07 10:18:00,104.25
2012-03-07 10:19:00,106.921
2012-03-07 10:20:00,103.545
2012-03-07 10:21:00,110.515
2012-03-07 10:22:00,105.631
2012-03-07 10:23:00,107.883
2012-03-07 10:24:00,105.338
2012-03-07 10:25:00,104.02
2012-03-07 10:26:00,107.072
2012-03-07 10:27:00,102.65
2012-03-07 10:28:00,107.04
2012-03-07 10:29:00,105.971
2012-03-07 10:30:00,106.656
2012-03-07 10:31:00,109.17299999999999
2012-03-07 10:32:00,107.02799999999999
2012-03-07 10:33:00,109.99600000000001
2012-03-07 10:34:00,106.751
2012-03-07 10:35:00,101.887
2012-03-07 10:36:00,110.337
2012-03-07 10:37:00,106.791
2012-03-07 10:38:00,109.094
2012-03-07 10:39:00,105.022
2012-03-07 10:40:00,101.395
2012-03-07 10:41:00,104.742
2012-03-07 10:42:00,108.12799999999999
2012-03-07 10:43:00,106.834
2012-03-07 10:44:00,106.514
2012-03-07 10:45:00,101.98200000000001
2012-03-07 10:46:00,107.008
2012-03-07 10:47:00,104.26799999999999
2012-03-07 10:48:00,108.27
2012-03-07 10:49:00,108.257
2012-03-07 10:50:00,106.98899999999999
2012-03-07 10:51:00,108.89399999999999
2012-03-07 10:52:00,107.226
2012-03-07 10:53:00,106.19
2012-03-07 10:54:00,104.58
2012-03-07 10:55:00,106.803
2012-03-07 10:56:00,102.16
2012-03-07 10:57:00,104.20100000000001
2012-03-07 10:58:00,108.479
2012-03-07 10:59:00,109.456
2012-03-07 11:00:00,109.456
2012-03-07 11:01:00,101.65100000000001
2012-03-07 11:02:00,107.55
2012-03-07 11:03:00,108.73200000000001
2012-03-07 11:04:00,108.46700000000001
2012-03-07 11:05:00,103.906
2012-03-07 11:06:00,107.37200000000001
2012-03-07 11:07:00,110.01899999999999
2012-03-07 11:08:00,108.383
2012-03-07 11:09:00,102.805
2012-03-07 11:10:00,104.82
2012-03-07 11:11:00,109.43299999999999
2012-03-07 11:12:00,102.68700000000001
2012-03-07 11:13:00,104.13600000000001
2012-03-07 11:14:00,106.096
2012-03-07 11:15:00,108.134
2012-03-07 11:16:00,105.429
2012-03-07 11:17:00,106.613
2012-03-07 11:18:00,106.39200000000001
2012-03-07 11:19:00,107.596
2012-03-07 11:20:00,102.588
2012-03-07 11:21:00,104.34100000000001
2012-03-07 11:22:00,106.301
2012-03-07 11:23:00,104.632
2012-03-07 11:24:00,103.512
2012-03-07 11:25:00,107.45
2012-03-07 11:26:00,106.25399999999999
2012-03-07 11:27:00,107.12200000000001
2012-03-07 11:28:00,104.902
2012-03-07 11:29:00,109.02600000000001
2012-03-07 11:30:00,104.287
2012-03-07 11:31:00,108.99
2012-03-07 11:32:00,107.141
2012-03-07 11:33:00,106.227
2012-03-07 11:34:00,103.89399999999999
2012-03-07 11:35:00,106.113
2012-03-07 11:36:00,111.041
2012-03-07 11:37:00,107.89
2012-03-07 11:38:00,107.456
2012-03-07 11:39:00,109.95
2012-03-07 11:40:00,108.729
2012-03-07 11:41:00,107.01899999999999
2012-03-07 11:42:00,105.81
2012-03-07 11:43:00,103.74600000000001
2012-03-07 11:44:00,105.262
2012-03-07 11:45:00,108.275
2012-03-07 11:46:00,102.931
2012-03-07 11:47:00,102.865
2012-03-07 11:48:00,105.904
2012-03-07 11:49:00,107.16
2012-03-07 11:50:00,106.499
2012-03-07 11:51:00,107.652
2012-03-07 11:52:00,106.085
2012-03-07 11:53:00,110.113
2012-03-07 11:54:00,107.00299999999999
2012-03-07 11:55:00,106.959
2012-03-07 11:56:00,106.774
2012-03-07 11:57:00,107.081
2012-03-07 11:58:00,105.37
2012-03-07 11:59:00,109.92
2012-03-07 12:00:00,108.90100000000001
2012-03-07 12:01:00,107.62700000000001
2012-03-07 12:02:00,108.69200000000001
2012-03-07 12:03:00,103.73899999999999
2012-03-07 12:04:00,105.087
2012-03-07 12:05:00,103.979
2012-03-07 12:06:00,102.98899999999999
2012-03-07 12:07:00,107.116
2012-03-07 12:08:00,107.736
2012-03-07 12:09:00,103.88600000000001
2012-03-07 12:10:00,107.49600000000001
2012-03-07 12:11:00,107.774
2012-03-07 12:12:00,109.251
2012-03-07 12:13:00,110.97
2012-03-07 12:14:00,106.604
2012-03-07 12:15:00,103.625
2012-03-07 12:16:00,103.848
2012-03-07 12:17:00,110.726
2012-03-07 12:18:00,107.02
2012-03-07 12:19:00,107.546
2012-03-07 12:20:00,103.213
2012-03-07 12:21:00,105.90899999999999
2012-03-07 12:22:00,107.77799999999999
2012-03-07 12:23:00,103.794
2012-03-07 12:24:00,108.939
2012-03-07 12:25:00,106.831
2012-03-07 12:26:00,105.95200000000001
2012-03-07 12:27:00,102.74700000000001
2012-03-07 12:28:00,111.939
2012-03-07 12:29:00,109.655
2012-03-07 12:30:00,104.36399999999999
2012-03-07 12:31:00,105.956
2012-03-07 12:32:00,107.588
2012-03-07 12:33:00,107.764
2012-03-07 12:34:00,106.36399999999999
2012-03-07 12:35:00,106.23100000000001
2012-03-07 12:36:00,109.398
2012-03-07 12:37:00,108.273
2012-03-07 12:38:00,107.54299999999999
2012-03-07 12:39:00,107.3
2012-03-07 12:40:00,110.43799999999999
2012-03-07 12:41:00,109.979
2012-03-07 12:42:00,104.225
2012-03-07 12:43:00,107.37799999999999
2012-03-07 12:44:00,104.55
2012-03-07 12:45:00,104.464
2012-03-07 12:46:00,108.208
2012-03-07 12:47:00,111.93299999999999
2012-03-07 12:48:00,106.884
2012-03-07 12:49:00,104.844
2012-03-07 12:50:00,106.516
2012-03-07 12:51:00,106.258
2012-03-07 12:52:00,103.463
2012-03-07 12:53:00,109.134
2012-03-07 12:54:00,107.055
2012-03-07 12:55:00,105.84700000000001
2012-03-07 12:56:00,108.21700000000001
2012-03-07 12:57:00,104.12200000000001
2012-03-07 12:58:00,102.57
2012-03-07 12:59:00,109.97200000000001
2012-03-07 13:00:00,107.42200000000001
2012-03-07 13:01:00,105.37299999999999
2012-03-07 13:02:00,108.15799999999999
2012-03-07 13:03:00,106.31200000000001
2012-03-07 13:04:00,102.929
2012-03-07 13:05:00,100.40700000000001
2012-03-07 13:06:00,104.74799999999999
2012-03-07 13:07:00,108.626
2012-03-07 13:08:00,106.359
2012-03-07 13:09:00,107.62100000000001
2012-03-07 13:10:00,109.99
2012-03-07 13:11:00,108.785
2012-03-07 13:12:00,102.322
2012-03-07 13:13:00,107.40100000000001
2012-03-07 13:14:00,102.154
2012-03-07 13:15:00,108.132
2012-03-07 13:16:00,112.148
2012-03-07 13:17:00,108.292
2012-03-07 13:18:00,106.815
2012-03-07 13:19:00,106.225
2012-03-07 13:20:00,106.07700000000001
2012-03-07 13:21:00,108.755
2012-03-07 13:22:00,106.51799999999999
2012-03-07 13:23:00,106.912
2012-03-07 13:24:00,107.795
2012-03-07 13:25:00,108.096
2012-03-07 13:26:00,106.01799999999999
2012-03-07 13:27:00,107.213
2012-03-07 13:28:00,104.80799999999999
2012-03-07 13:29:00,103.633
2012-03-07 13:30:00,107.73100000000001
2012-03-07 13:31:00,105.971
2012-03-07 13:32:00,104.141
2012-03-07 13:33:00,108.473
2012-03-07 13:34:00,105.632
2012-03-07 13:35:00,106.162
2012-03-07 13:36:00,104.93700000000001
2012-03-07 13:37:00,107.325
2012-03-07 13:38:00,102.87200000000001
2012-03-07 13:39:00,105.3
2012-03-07 13:40:00,105.756
2012-03-07 13:41:00,108.277
2012-03-07 13:42:00,109.464
2012-03-07 13:43:00,109.08200000000001
2012-03-07 13:44:00,107.384
2012-03-07 13:45:00,107.32600000000001
2012-03-07 13:46:00,104.624
2012-03-07 13:47:00,107.54
2012-03-07 13:48:00,104.48
2012-03-07 13:49:00,111.235
2012-03-07 13:50:00,105.745
2012-03-07 13:51:00,106.334
2012-03-07 13:52:00,105.624
2012-03-07 13:53:00,103.38799999999999
2012-03-07 13:54:00,108.486
2012-03-07 13:55:00,105.823
2012-03-07 13:56:00,107.445
2012-03-07 13:57:00,106.505
2012-03-07 13:58:00,105.939
2012-03-07 13:59:00,105.238
2012-03-07 14:00:00,107.99799999999999
2012-03-07 14:01:00,107.448
2012-03-07 14:02:00,109.806
2012-03-07 14:03:00,105.725
2012-03-07 14:04:00,104.65700000000001
2012-03-07 14:05:00,111.182
2012-03-07 14:06:00,105.725
2012-03-07 14:07:00,105.64299999999999
2012-03-07 14:08:00,112.93299999999999
2012-03-07 14:09:00,104.73899999999999
2012-03-07 14:10:00,108.736
2012-03-07 14:11:00,104.755
2012-03-07 14:12:00,102.64
2012-03-07 14:13:00,110.367
2012-03-07 14:14:00,102.363
2012-03-07 14:15:00,100.045
2012-03-07 14:16:00,104.829
2012-03-07 14:17:00,108.571
2012-03-07 14:18:00,108.73
2012-03-07 14:19:00,106.48700000000001
2012-03-07 14:20:00,104.85600000000001
2012-03-07 14:21:00,107.904
2012-03-07 14:22:00,106.206
2012-03-07 14:23:00,103.755
2012-03-07 14:24:00,106.113
2012-03-07 14:25:00,104.331
2012-03-07 14:26:00,108.397
2012-03-07 14:27:00,106.444
2012-03-07 14:28:00,107.29899999999999
2012-03-07 14:29:00,104.039
2012-03-07 14:30:00,107.669
2012-03-07 14:31:00,106.59899999999999
2012-03-07 14:32:00,104.79
2012-03-07 14:33:00,105.81700000000001
2012-03-07 14:34:00,104.985
2012-03-07 14:35:00,106.70700000000001
2012-03-07 14:36:00,105.024
2012-03-07 14:37:00,103.814
2012-03-07 14:38:00,106.882
2012-03-07 14:39:00,105.455
2012-03-07 14:40:00,102.71799999999999
2012-03-07 14:41:00,102.994
2012-03-07 14:42:00,104.266
2012-03-07 14:43:00,105.094
2012-03-07 14:44:00,106.70700000000001
2012-03-07 14:45:00,108.001
2012-03-07 14:46:00,106.155
2012-03-07 14:47:00,107.064
2012-03-07 14:48:00,104.884
2012-03-07 14:49:00,105.04700000000001
2012-03-07 14:50:00,104.367
2012-03-07 14:51:00,106.539
2012-03-07 14:52:00,108.742
2012-03-07 14:53:00,105.12100000000001
2012-03-07 14:54:00,111.65799999999999
2012-03-07 14:55:00,110.53200000000001
2012-03-07 14:56:00,106.35600000000001
2012-03-07 14:57:00,106.985
2012-03-07 14:58:00,103.711
2012-03-07 14:59:00,104.309
2012-03-07 15:00:00,106.92399999999999
2012-03-07 15:01:00,104.74
2012-03-07 15:02:00,106.516
2012-03-07 15:03:00,104.709
2012-03-07 15:04:00,105.641
2012-03-07 15:05:00,105.191
2012-03-07 15:06:00,103.37700000000001
2012-03-07 15:07:00,103.427
2012-03-07 15:08:00,99.315
2012-03-07 15:09:00,104.04899999999999
2012-03-07 15:10:00,107.791
2012-03-07 15:11:00,102.67200000000001
2012-03-07 15:12:00,104.48
2012-03-07 15:13:00,102.835
2012-03-07 15:14:00,111.227
2012-03-07 15:15:00,104.209
2012-03-07 15:16:00,103.883
2012-03-07 15:17:00,106.598
2012-03-07 15:18:00,106.62899999999999
2012-03-07 15:19:00,107.81200000000001
2012-03-07 15:20:00,105.62100000000001
2012-03-07 15:21:00,106.338
2012-03-07 15:22:00,105.272
2012-03-07 15:23:00,106.361
2012-03-07 15:24:00,108.541
2012-03-07 15:25:00,102.425
2012-03-07 15:26:00,105.655
2012-03-07 15:27:00,108.16
2012-03-07 15:28:00,109.458
2012-03-07 15:29:00,105.54700000000001
2012-03-07 15:30:00,106.399
2012-03-07 15:31:00,106.368
2012-03-07 15:32:00,105.895
2012-03-07 15:33:00,104.20200000000001
2012-03-07 15:34:00,106.469
2012-03-07 15:35:00,106.779
2012-03-07 15:36:00,108.85600000000001
2012-03-07 15:37:00,104.59700000000001
2012-03-07 15:38:00,108.096
2012-03-07 15:39:00,108.39399999999999
2012-03-07 15:40:00,104.272
2012-03-07 15:41:00,108.09899999999999
2012-03-07 15:42:00,102.54799999999999
2012-03-07 15:43:00,108.63799999999999
2012-03-07 15:44:00,102.485
2012-03-07 15:45:00,105.90299999999999
2012-03-07 15:46:00,104.44200000000001
2012-03-07 15:47:00,104.88
2012-03-07 15:48:00,103.272
2012-03-07 15:49:00,103.721
2012-03-07 15:50:00,105.256
2012-03-07 15:51:00,107.176
2012-03-07 15:52:00,100.527
2012-03-07 15:53:00,109.51899999999999
2012-03-07 15:54:00,107.03299999999999
2012-03-07 15:55:00,104.338
2012-03-07 15:56:00,103.575
2012-03-07 15:57:00,103.509
2012-03-07 15:58:00,106.85
2012-03-07 15:59:00,103.56700000000001
2012-03-07 16:00:00,105.309
2012-03-07 16:01:00,104.92200000000001
2012-03-07 16:02:00,106.07600000000001
2012-03-07 16:03:00,110.09299999999999
2012-03-07 16:04:00,106.369
2012-03-07 16:05:00,109.338
2012-03-07 16:06:00,108.796
2012-03-07 16:07:00,107.743
2012-03-07 16:08:00,109.179
2012-03-07 16:09:00,106.385
2012-03-07 16:10:00,103.088
2012-03-07 16:11:00,108.292
2012-03-07 16:12:00,107.444
2012-03-07 16:13:00,108.044
2012-03-07 16:14:00,105.131
2012-03-07 16:15:00,106.35
2012-03-07 16:16:00,104.59700000000001
2012-03-07 16:17:00,103.939
2012-03-07 16:18:00,104.404
2012-03-07 16:19:00,106.23
2012-03-07 16:20:00,104.837
2012-03-07 16:21:00,106.18
2012-03-07 16:22:00,102.419
2012-03-07 16:23:00,106.249
2012-03-07 16:24:00,106.818
2012-03-07 16:25:00,104.539
2012-03-07 16:26:00,103.912
2012-03-07 16:27:00,107.521
2012-03-07 16:28:00,106.33
2012-03-07 16:29:00,105.015
2012-03-07 16:30:00,100.411
2012-03-07 16:31:00,107.43299999999999
2012-03-07 16:32:00,106.214
2012-03-07 16:33:00,109.088
2012-03-07 16:34:00,105.959
2012-03-07 16:35:00,104.906
2012-03-07 16:36:00,105.46700000000001
2012-03-07 16:37:00,107.014
2012-03-07 16:38:00,101.824
2012-03-07 16:39:00,106.353
2012-03-07 16:40:00,107.601
2012-03-07 16:41:00,105.714
2012-03-07 16:42:00,106.352
2012-03-07 16:43:00,106.166
2012-03-07 16:44:00,106.12
2012-03-07 16:45:00,102.51
2012-03-07 16:46:00,104.95200000000001
2012-03-07 16:47:00,102.178
2012-03-07 16:48:00,102.561
2012-03-07 16:49:00,100.846
2012-03-07 16:50:00,103.62
2012-03-07 16:51:00,102.376
2012-03-07 16:52:00,106.37299999999999
2012-03-07 16:53:00,104.956
2012-03-07 16:54:00,107.319
2012-03-07 16:55:00,104.93299999999999
2012-03-07 16:56:00,102.60799999999999
2012-03-07 16:57:00,103.11
2012-03-07 16:58:00,108.63600000000001
2012-03-07 16:59:00,107.296
2012-03-07 17:00:00,104.604
2012-03-07 17:01:00,101.238
2012-03-07 17:02:00,107.167
2012-03-07 17:03:00,107.912
2012-03-07 17:04:00,105.20200000000001
2012-03-07 17:05:00,103.779
2012-03-07 17:06:00,105.171
2012-03-07 17:07:00,107.456
2012-03-07 17:08:00,107.73700000000001
2012-03-07 17:09:00,106.50200000000001
2012-03-07 17:10:00,106.039
2012-03-07 17:11:00,104.56200000000001
2012-03-07 17:12:00,103.235
2012-03-07 17:13:00,107.583
2012-03-07 17:14:00,104.257
2012-03-07 17:15:00,104.728
2012-03-07 17:16:00,103.459
2012-03-07 17:17:00,103.485
2012-03-07 17:18:00,105.492
2012-03-07 17:19:00,108.311
2012-03-07 17:20:00,103.991
2012-03-07 17:21:00,106.85700000000001
2012-03-07 17:22:00,104.415
2012-03-07 17:23:00,106.72200000000001
2012-03-07 17:24:00,104.022
2012-03-07 17:25:00,104.272
2012-03-07 17:26:00,104.08
2012-03-07 17:27:00,104.041
2012-03-07 17:28:00,105.41799999999999
2012-03-07 17:29:00,104.689
2012-03-07 17:30:00,107.736
2012-03-07 17:31:00,108.279
2012-03-07 17:32:00,106.07700000000001
2012-03-07 17:33:00,106.60799999999999
2012-03-07 17:34:00,106.524
2012-03-07 17:35:00,104.777
2012-03-07 17:36:00,107.41
2012-03-07 17:37:00,104.319
2012-03-07 17:38:00,103.76799999999999
2012-03-07 17:39:00,104.365
2012-03-07 17:40:00,102.461
2012-03-07 17:41:00,107.213
2012-03-07 17:42:00,100.387
2012-03-07 17:43:00,110.527
2012-03-07 17:44:00,105.988
2012-03-07 17:45:00,103.87899999999999
2012-03-07 17:46:00,107.598
2012-03-07 17:47:00,107.194
2012-03-07 17:48:00,106.51100000000001
2012-03-07 17:49:00,112.589
2012-03-07 17:50:00,110.478
2012-03-07 17:51:00,104.523
2012-03-07 17:52:00,104.396
2012-03-07 17:53:00,104.62700000000001
2012-03-07 17:54:00,102.191
2012-03-07 17:55:00,103.29700000000001
2012-03-07 17:56:00,102.75
2012-03-07 17:57:00,108.955
2012-03-07 17:58:00,107.39
2012-03-07 17:59:00,100.95
2012-03-07 18:00:00,107.698
2012-03-07 18:01:00,106.01799999999999
2012-03-07 18:02:00,102.897
2012-03-07 18:03:00,108.051
2012-03-07 18:04:00,109.631
2012-03-07 18:05:00,103.941
2012-03-07 18:06:00,108.054
2012-03-07 18:07:00,103.348
2012-03-07 18:08:00,107.96600000000001
2012-03-07 18:09:00,106.395
2012-03-07 18:10:00,103.98
2012-03-07 18:11:00,102.601
2012-03-07 18:12:00,100.039
2012-03-07 18:13:00,108.255
2012-03-07 18:14:00,109.33
2012-03-07 18:15:00,102.959
2012-03-07 18:16:00,106.464
2012-03-07 18:17:00,108.06200000000001
2012-03-07 18:18:00,105.54
2012-03-07 18:19:00,103.117
2012-03-07 18:20:00,104.45700000000001
2012-03-07 18:21:00,103.641
2012-03-07 18:22:00,105.19200000000001
2012-03-07 18:23:00,105.181
2012-03-07 18:24:00,103.833
2012-03-07 18:25:00,104.684
2012-03-07 18:26:00,104.053
2012-03-07 18:27:00,106.197
2012-03-07 18:28:00,105.12700000000001
2012-03-07 18:29:00,109.115
2012-03-07 18:30:00,106.809
2012-03-07 18:31:00,105.45
2012-03-07 18:32:00,104.449
2012-03-07 18:33:00,108.29
2012-03-07 18:34:00,105.73899999999999
2012-03-07 18:35:00,101.07700000000001
2012-03-07 18:36:00,102.34
2012-03-07 18:37:00,103.602
2012-03-07 18:38:00,104.969
2012-03-07 18:39:00,103.87200000000001
2012-03-07 18:40:00,102.65899999999999
2012-03-07 18:41:00,104.53399999999999
2012-03-07 18:42:00,102.779
2012-03-07 18:43:00,108.929
2012-03-07 18:44:00,103.941
2012-03-07 18:45:00,104.01799999999999
2012-03-07 18:46:00,104.23
2012-03-07 18:47:00,108.486
2012-03-07 18:48:00,106.285
2012-03-07 18:49:00,103.34899999999999
2012-03-07 18:50:00,102.228
2012-03-07 18:51:00,109.079
2012-03-07 18:52:00,102.37899999999999
2012-03-07 18:53:00,107.26299999999999
2012-03-07 18:54:00,106.012
2012-03-07 18:55:00,106.447
2012-03-07 18:56:00,104.90700000000001
2012-03-07 18:57:00,101.39299999999999
2012-03-07 18:58:00,106.766
2012-03-07 18:59:00,105.38
2012-03-07 19:00:00,106.98899999999999
2012-03-07 19:01:00,108.404
2012-03-07 19:02:00,105.007
2012-03-07 19:03:00,105.484
2012-03-07 19:04:00,105.184
2012-03-07 19:05:00,103.36399999999999
2012-03-07 19:06:00,104.25299999999999
2012-03-07 19:07:00,105.98100000000001
2012-03-07 19:08:00,100.866
2012-03-07 19:09:00,105.81200000000001
2012-03-07 19:10:00,103.741
2012-03-07 19:11:00,106.97399999999999
2012-03-07 19:12:00,100.30799999999999
2012-03-07 19:13:00,103.741
2012-03-07 19:14:00,104.061
2012-03-07 19:15:00,103.795
2012-03-07 19:16:00,105.92299999999999
2012-03-07 19:17:00,103.926
2012-03-07 19:18:00,105.353
2012-03-07 19:19:00,105.068
2012-03-07 19:20:00,105.656
2012-03-07 19:21:00,108.667
2012-03-07 19:22:00,103.37200000000001
2012-03-07 19:23:00,103.618
2012-03-07 19:24:00,107.395
2012-03-07 19:25:00,104.36399999999999
2012-03-07 19:26:00,104.449
2012-03-07 19:27:00,104.199
2012-03-07 19:28:00,105.126
2012-03-07 19:29:00,104.67200000000001
2012-03-07 19:30:00,105.068
2012-03-07 19:31:00,103.368
2012-03-07 19:32:00,105.426
2012-03-07 19:33:00,101.611
2012-03-07 19:34:00,100.196
2012-03-07 19:35:00,105.156
2012-03-07 19:36:00,103.103
2012-03-07 19:37:00,108.137
2012-03-07 19:38:00,105.052
2012-03-07 19:39:00,106.48299999999999
2012-03-07 19:40:00,101.895
2012-03-07 19:41:00,103.772
2012-03-07 19:42:00,102.883
2012-03-07 19:43:00,103.34899999999999
2012-03-07 19:44:00,103.584
2012-03-07 19:45:00,104.045
2012-03-07 19:46:00,102.499
2012-03-07 19:47:00,107.19
2012-03-07 19:48:00,107.816
2012-03-07 19:49:00,107.586
2012-03-07 19:50:00,102.061
2012-03-07 19:51:00,103.068
2012-03-07 19:52:00,105.414
2012-03-07 19:53:00,104.36
2012-03-07 19:54:00,102.60700000000001
2012-03-07 19:55:00,104.406
2012-03-07 19:56:00,107.82
2012-03-07 19:57:00,102.227
2012-03-07 19:58:00,99.98299999999999
2012-03-07 19:59:00,105.336
2012-03-07 20:00:00,105.92
2012-03-07 20:01:00,107.208
2012-03-07 20:02:00,101.101
2012-03-07 20:03:00,106.824
2012-03-07 20:04:00,105.47399999999999
2012-03-07 20:05:00,104.81700000000001
2012-03-07 20:06:00,106.09700000000001
2012-03-07 20:07:00,106.835
2012-03-07 20:08:00,102.189
2012-03-07 20:09:00,102.708
2012-03-07 20:10:00,109.844
2012-03-07 20:11:00,103.803
2012-03-07 20:12:00,105.84700000000001
2012-03-07 20:13:00,107.13799999999999
2012-03-07 20:14:00,105.65899999999999
2012-03-07 20:15:00,102.708
2012-03-07 20:16:00,105.62
2012-03-07 20:17:00,101.928
2012-03-07 20:18:00,101.029
2012-03-07 20:19:00,102.277
2012-03-07 20:20:00,105.301
2012-03-07 20:21:00,105.167
2012-03-07 20:22:00,105.171
2012-03-07 20:23:00,104.99799999999999
2012-03-07 20:24:00,101.836
2012-03-07 20:25:00,105.62
2012-03-07 20:26:00,104.61399999999999
2012-03-07 20:27:00,100.868
2012-03-07 20:28:00,104.22200000000001
2012-03-07 20:29:00,102.946
2012-03-07 20:30:00,104.164
2012-03-07 20:31:00,104.444
2012-03-07 20:32:00,103.584
2012-03-07 20:33:00,99.213
2012-03-07 20:34:00,101.61399999999999
2012-03-07 20:35:00,105.262
2012-03-07 20:36:00,104.41
2012-03-07 20:37:00,100.37299999999999
2012-03-07 20:38:00,102.439
2012-03-07 20:39:00,102.17
2012-03-07 20:40:00,105.535
2012-03-07 20:41:00,96.639
2012-03-07 20:42:00,101.544
2012-03-07 20:43:00,102.79700000000001
2012-03-07 20:44:00,102.01299999999999
2012-03-07 20:45:00,104.76700000000001
2012-03-07 20:46:00,103.603
2012-03-07 20:47:00,100.807
2012-03-07 20:48:00,99.325
2012-03-07 20:49:00,103.745
2012-03-07 20:50:00,103.98299999999999
2012-03-07 20:51:00,105.69200000000001
2012-03-07 20:52:00,104.73200000000001
2012-03-07 20:53:00,106.35600000000001
2012-03-07 20:54:00,100.585
2012-03-07 20:55:00,103.68799999999999
2012-03-07 20:56:00,102.95100000000001
2012-03-07 20:57:00,105.208
2012-03-07 20:58:00,103.45299999999999
2012-03-07 20:59:00,102.12899999999999
2012-03-07 21:00:00,104.167
2012-03-07 21:01:00,103.04299999999999
2012-03-07 21:02:00,103.49600000000001
2012-03-07 21:03:00,102.82799999999999
2012-03-07 21:04:00,102.43700000000001
2012-03-07 21:05:00,104.682
2012-03-07 21:06:00,102.936
2012-03-07 21:07:00,101.374
2012-03-07 21:08:00,104.766
2012-03-07 21:09:00,105.991
2012-03-07 21:10:00,104.23700000000001
2012-03-07 21:11:00,101.385
2012-03-07 21:12:00,104.755
2012-03-07 21:13:00,104.33200000000001
2012-03-07 21:14:00,103.895
2012-03-07 21:15:00,100.90899999999999
2012-03-07 21:16:00,103.05799999999999
2012-03-07 21:17:00,104.49
2012-03-07 21:18:00,107.609
2012-03-07 21:19:00,102.375
2012-03-07 21:20:00,102.98899999999999
2012-03-07 21:21:00,109.12700000000001
2012-03-07 21:22:00,103.999
2012-03-07 21:23:00,106.63600000000001
2012-03-07 21:24:00,103.749
2012-03-07 21:25:00,99.875
2012-03-07 21:26:00,103.569
2012-03-07 21:27:00,102.609
2012-03-07 21:28:00,106.087
2012-03-07 21:29:00,106.436
2012-03-07 21:30:00,97.47200000000001
2012-03-07 21:31:00,103.96
2012-03-07 21:32:00,101.292
2012-03-07 21:33:00,104.479
2012-03-07 21:34:00,103.98700000000001
2012-03-07 21:35:00,103.488
2012-03-07 21:36:00,101.626
2012-03-07 21:37:00,103.941
2012-03-07 21:38:00,104.70100000000001
2012-03-07 21:39:00,102.06
2012-03-07 21:40:00,105.189
2012-03-07 21:41:00,102.98100000000001
2012-03-07 21:42:00,97.971
2012-03-07 21:43:00,105.57700000000001
2012-03-07 21:44:00,104.072
2012-03-07 21:45:00,104.509
2012-03-07 21:46:00,101.76799999999999
2012-03-07 21:47:00,104.863
2012-03-07 21:48:00,106.015
2012-03-07 21:49:00,103.807
2012-03-07 21:50:00,100.527
2012-03-07 21:51:00,101.641
2012-03-07 21:52:00,105.76899999999999
2012-03-07 21:53:00,104.421
2012-03-07 21:54:00,103.02
2012-03-07 21:55:00,102.478
2012-03-07 21:56:00,99.53399999999999
2012-03-07 21:57:00,103.65700000000001
2012-03-07 21:58:00,104.359
2012-03-07 21:59:00,103.465
2012-03-07 22:00:00,105.26100000000001
2012-03-07 22:01:00,102.126
2012-03-07 22:02:00,102.279
2012-03-07 22:03:00,106.512
2012-03-07 22:04:00,106.92200000000001
2012-03-07 22:05:00,103.975
2012-03-07 22:06:00,101.869
2012-03-07 22:07:00,105.145
2012-03-07 22:08:00,107.15899999999999
2012-03-07 22:09:00,99.515
2012-03-07 22:10:00,103.684
2012-03-07 22:11:00,104.198
2012-03-07 22:12:00,105.206
2012-03-07 22:13:00,104.236
2012-03-07 22:14:00,101.038
2012-03-07 22:15:00,102.05
2012-03-07 22:16:00,103.147
2012-03-07 22:17:00,104.12100000000001
2012-03-07 22:18:00,100.236
2012-03-07 22:19:00,104.316
2012-03-07 22:20:00,107.48
2012-03-07 22:21:00,101.98100000000001
2012-03-07 22:22:00,100.571
2012-03-07 22:23:00,105.881
2012-03-07 22:24:00,101.656
2012-03-07 22:25:00,101.031
2012-03-07 22:26:00,105.44
2012-03-07 22:27:00,100.73200000000001
2012-03-07 22:28:00,102.281
2012-03-07 22:29:00,105.40899999999999
2012-03-07 22:30:00,105.435
2012-03-07 22:31:00,103.626
2012-03-07 22:32:00,103.829
2012-03-07 22:33:00,101.829
2012-03-07 22:34:00,105.152
2012-03-07 22:35:00,103.527
2012-03-07 22:36:00,102.676
2012-03-07 22:37:00,108.191
2012-03-07 22:38:00,103.60700000000001
2012-03-07 22:39:00,102.67200000000001
2012-03-07 22:40:00,108.891
2012-03-07 22:41:00,102.32700000000001
2012-03-07 22:42:00,103.074
2012-03-07 22:43:00,105.21799999999999
2012-03-07 22:44:00,100.19
2012-03-07 22:45:00,106.176
2012-03-07 22:46:00,105.083
2012-03-07 22:47:00,103.116
2012-03-07 22:48:00,108.88799999999999
2012-03-07 22:49:00,103.266
2012-03-07 22:50:00,100.516
2012-03-07 22:51:00,101.87799999999999
2012-03-07 22:52:00,104.083
2012-03-07 22:53:00,98.53399999999999
2012-03-07 22:54:00,103.316
2012-03-07 22:55:00,102.695
2012-03-07 22:56:00,101.43299999999999
2012-03-07 22:57:00,102.323
2012-03-07 22:58:00,101.69
2012-03-07 22:59:00,101.11
2012-03-07 23:00:00,104.171
